<?xml version="1.0"?>
<ZigBee>
	<Settings>
		<DefaultCmds>
			<MacroScript>
				<MacroName>NP_L1</MacroName>
				<MacroCmd>THR_SetAttr.Request 0x00 0x00 0x00 0x08 0x146E0A0000000001 </MacroCmd>
				<MacroCmd>THR_SetAttr.Request 0x00 0x0A 0x00 0x01 0x00 </MacroCmd>
				<MacroCmd>MAC_MacFilteringEnable.Request 0x00 0x01 </MacroCmd>
				<MacroCmd>MAC_MacFilteringAddEntry.Request 0x00 0x146E0A0000000003 0xFFFF 0xFF </MacroCmd>
				<MacroCmd>MAC_MacFilteringAddEntry.Request 0x00 0x146E0A0000000002 0xFFFF 0xFF </MacroCmd>
				<MacroCmd>THR_Join.Request 0x00 0x00 </MacroCmd>
			</MacroScript>
			<MacroScript>
				<MacroName>NP_R2</MacroName>
				<MacroCmd>THR_SetAttr.Request 0x00 0x00 0x00 0x08 0x146E0A0000000002 </MacroCmd>
				<MacroCmd>THR_SetAttr.Request 0x00 0x0A 0x00 0x01 0x00 </MacroCmd>
				<MacroCmd>MAC_MacFilteringEnable.Request 0x00 0x01 </MacroCmd>
				<MacroCmd>MAC_MacFilteringAddEntry.Request 0x00 0x146E0A0000000001 0xFFFF 0xFF </MacroCmd>
				<MacroCmd>MAC_MacFilteringAddEntry.Request 0x00 0x146E0A0000000004 0xFFFF 0xFF </MacroCmd>
				<MacroCmd>THR_Join.Request 0x00 0x00 </MacroCmd>
			</MacroScript>
			<MacroScript>
				<MacroName>NP_R3</MacroName>
				<MacroCmd>THR_SetAttr.Request 0x00 0x00 0x00 0x08 0x146E0A0000000003 </MacroCmd>
				<MacroCmd>THR_SetAttr.Request 0x00 0x0A 0x00 0x01 0x00 </MacroCmd>
				<MacroCmd>MAC_MacFilteringEnable.Request 0x00 0x01 </MacroCmd>
				<MacroCmd>MAC_MacFilteringAddEntry.Request 0x00 0x146E0A0000000001 0xFFFF 0xFF </MacroCmd>
				<MacroCmd>MAC_MacFilteringAddEntry.Request 0x00 0x146E0A0000000005 0xFFFF 0xFF </MacroCmd>
				<MacroCmd>THR_Join.Request 0x00 0x00 </MacroCmd>
			</MacroScript>
			<MacroScript>
				<MacroName>NP_R4</MacroName>
				<MacroCmd>THR_SetAttr.Request 0x00 0x00 0x00 0x08 0x146E0A0000000004 </MacroCmd>
				<MacroCmd>THR_SetAttr.Request 0x00 0x0A 0x00 0x01 0x00 </MacroCmd>
				<MacroCmd>MAC_MacFilteringEnable.Request 0x00 0x01 </MacroCmd>
				<MacroCmd>MAC_MacFilteringAddEntry.Request 0x00 0x146E0A0000000002 0xFFFF 0xFF </MacroCmd>
				<MacroCmd>THR_Join.Request 0x00 0x00 </MacroCmd>
			</MacroScript>
			<MacroScript>
				<MacroName>NP_R5</MacroName>
				<MacroCmd>THR_SetAttr.Request 0x00 0x00 0x00 0x08 0x146E0A0000000005 </MacroCmd>
				<MacroCmd>THR_SetAttr.Request 0x00 0x0A 0x00 0x01 0x00 </MacroCmd>
				<MacroCmd>MAC_MacFilteringEnable.Request 0x00 0x01 </MacroCmd>
				<MacroCmd>MAC_MacFilteringAddEntry.Request 0x00 0x146E0A0000000003 0xFFFF 0xFF </MacroCmd>
				<MacroCmd>THR_Join.Request 0x00 0x00 </MacroCmd>
			</MacroScript>
		</DefaultCmds>
	</Settings>
</ZigBee>
